{
  "default": {
    "convert_to_camel_case": false,
    "is_multiple": false,
    "is_protobuf": true,
    "search_list": [
      "header.middlewareCorrelationId",
      "header.middleware_correlation_id"
    ],
    "search_property": "middleware_correlation_id"
  },
  "topics": {
    "appdirect_create_addonorder": {
      "is_protobuf": false,
      "search_list": [
        "order.marketplace_event_id"
      ],
      "search_property": "marketplaceEventID"
    },
    "appdirect_create_changelicense": {
      "is_protobuf": false,
      "search_list": [
        "change_license.marketplace_event_id"
      ],
      "search_property": "marketplaceEventID"
    },
    "appdirect_create_initialorder": {
      "is_protobuf": false,
      "search_list": [
        "order.primary_contact_details.email",
        "order.marketplace_event_id"
      ],
      "search_property": "email"
    },
    "appdirect_create_shippingaddress": {
      "is_protobuf": false,
      "search_list": [
        "shipping_address.marketplace_event_id"
      ],
      "search_property": "marketplaceEventID"
    },
    "crfgateway_event_cacconfiguration_applied": {
      "convert_to_camel_case": true,
      "search_list": [
        "cacConfigurationRequest.clientReference.marketplace_event_id"
      ],
      "search_property": "marketplace_event_id"
    },
    "crfgateway_event_crfnumber_added": {
      "convert_to_camel_case": true
    },
    "crfgateway_event_crfnumber_deleted": {
      "convert_to_camel_case": true
    },
    "crfstub_process_resourceorder": {
      "is_protobuf": false,
      "search_list": [
        "id"
      ],
      "search_property": "crf_request_id"
    },
    "emailreceiver_event_received_email": {
      "is_protobuf": false,
      "search_list": [
        "email.subject"
      ],
      "search_property": "NumPool_UUID"
    },
    "idmapper_event_msoccustomercac_added": {
      "convert_to_camel_case": true,
      "search_list": [
        "msocCustomerRequest.clientReference.marketplace_event_id"
      ],
      "search_property": "marketplace_event_id"
    },
    "idmapper_event_msoccountrybilling_added": {
      "convert_to_camel_case": true
    },
    "idmapper_event_msoccustomer_created": {
      "convert_to_camel_case": true
    },
    "idmapper_event_tpmcustomer_created": {
      "convert_to_camel_case": true
    },
    "idmapper_event_tpmnotification_sent": {
      "convert_to_camel_case": true
    },
    "jiraticketmediator_respond_jiraticket": {
      "convert_to_camel_case": true,
      "is_multiple": true
    },
    "numbermanagement_command_add_crfnumber": {
      "convert_to_camel_case": true,
      "is_multiple": true,
      "search_list": [
        "crfNumberRequest.opCoDetails.opCoCustomerId"
      ],
      "search_property": "op_co_customer_id"
    },
    "numbermanagement_command_delete_crfnumber": {
      "convert_to_camel_case": true
    },
    "numbermanagement_command_complete_order": {
      "search_list": [
        "account.ucasAccountId",
        "account.ucas_account_id"
      ],
      "search_property": "RC_ID"
    },
    "numbermanagement_command_add_numbers": {
      "is_multiple": true,
      "search_list": [
        "phone_numbers.ucas_account_id",
        "phone_numbers.phone_number_details.0.phone_number"
      ],
      "search_property": "RC_ID"
    },
    "numbermanagement_command_delete_numbers": {
      "is_multiple": true,
      "search_list": [
        "phone_numbers.ucas_account_id",
        "phone_numbers.phone_number_details.0.phone_number"
      ],
      "search_property": "RC_ID"
    },
    "numbermanagement_command_update_numbers": {
      "is_multiple": true,
      "search_list": [
        "phone_numbers.ucas_account_id",
        "phone_numbers.phone_number_details.0.phone_number"
      ],
      "search_property": "RC_ID"
    },
    "numbermanagement_event_numbers_deleted": {
      "convert_to_camel_case": true,
      "is_multiple": true
    },
    "numbermanagement_event_all_numbers_deleted": {
    },
    "numbermanagement_respond_numbersadded": {
      "convert_to_camel_case": true,
      "is_multiple": true
    },
    "ordermanagement_event_order_completed": {
      "search_list": [
        "header.middleware_correlation_id",
        "completed_order.marketplace_event_id"
      ],
      "search_property": "marketplaceEventID"
    },
    "ordermanagement_event_account_created": {
    },
    "ordermanagement_create_changelicense": {
      "is_protobuf": false,
      "search_list": [
        "change_license.marketplace_event_id"
      ],
      "search_property": "marketplaceEventID"
    },
    "ordermanagement_create_deviceorder": {
      "is_protobuf": false,
      "search_list": [
        "order.marketplace_event_id"
      ],
      "search_property": "marketplaceEventID"
    },
    "ordermanagement_command_create_initialorder": {
      "search_list": [
        "order.primary_contact_details.email",
        "order.marketplace_event_id"
      ],
      "search_property": "email"
    },
    "ordermanagement_command_update_accountstatus": {
      "search_list": [
        "account.ucas_account_id"
      ],
      "search_property": "RC_ID"
    },
    "ringcentral_event_accountserviceinfo_updated": {
      "convert_to_camel_case": true,
      "is_multiple": true
    },
    "ringcentral_event_ssoconfig_updated": {
      "convert_to_camel_case": true
    },
    "ringcentral_event_accountstatus_updated": {
      "search_list": [
        "header.middleware_correlation_id",
        "account_status_changed.marketplace_event_id"
      ]
    },
    "ringcentral_event_numbers_added": {
      "is_multiple": true,
      "search_list": [
        "phone_numbers.ucas_account_id",
        "phone_numbers.phone_number_details.0.phone_number"
      ],
      "search_property": "RC_ID"
    },
    "ringcentral_respond_changelicense": {
      "is_protobuf": false,
      "search_list": [
        "license_changed.marketplace_event_id"
      ],
      "search_property": "marketplaceEventID"
    },
    "ringcentral_event_numbers_deleted": {
      "is_multiple": true,
      "search_list": [
        "header.middleware_correlation_id",
        "phone_numbers.phone_number_details.0.phone_number"
      ]
    },
    "ringcentral_respond_deviceorder": {
      "is_protobuf": false,
      "search_list": [
        "device_ordered.marketplace_event_id"
      ],
      "search_property": "marketplaceEventID"
    },
    "ringcentral_event_initialorder_created": {
      "search_list": [
        "completed_order.marketplace_event_id"
      ],
      "search_property": "marketplaceEventID"
    },
    "ringcentral_event_extension_set": {
      "event_type": "SET_EXTENSION_CONFIRMATION",
      "search_property": "marketplaceEventID"
    },
    "ringcentral_event_numbers_updated": {
      "search_list": [
        "phone_numbers.ucas_account_id"
      ],
      "search_property": "RC_ID"
    },
    "ringcentral_event_emergencyaddress_set": {
    },
    "ringcentral_event_unitylicense_added": {
      "event_type": "LICENSE_ADDED"
    },
    "ringcentral_event_unitylicense_deleted": {
      "event_type": "LICENSE_DELETED"
    },
    "ringcentral_event_policy_access_set": {
      "event_type": "SET_POLICY_ACCESS_CONFIRMATION"
    },
    "ringcentral_event_unitylicense_changed": {
      "event_type": "LICENSE_CHANGED"
    },
    "snowgateway_event_snowcustomer_created": {
      "event_type": "SNOW_ONBOARDING_CONFIRMATION",
      "is_multiple": true,
      "search_property": "op_co_customer_id"
    },
    "snowgateway_event_snowcustomer_deleted": {
      "convert_to_camel_case": true
    },
    "support_command_register_crf_tmf652_listener": {
      "convert_to_camel_case": true
    },
    "support_command_retry_tmf_notification": {
      "convert_to_camel_case": true
    },
    "support_command_unregister_crf_tmf652_listener": {
      "convert_to_camel_case": true
    },
    "support_command_update_suspended_operation": {
      "convert_to_camel_case": true
    },
    "tmfgateway_process_serviceorder": {
      "convert_to_camel_case": true,
      "search_list": [
        "tmfServiceOrder.id"
      ],
      "search_property": "service_order_id"
    },
    "tmfgateway_update_serviceorder": {
      "search_list": [
        "service_order_update.service_order_id"
      ],
      "search_property": "service_order_id"
    },
    "tmfmediator_command_add_msoccountrybilling": {
      "convert_to_camel_case": true,
      "is_multiple": true,
      "search_list": [
        "msocCustomerRequest.msocAccount.opCoDetails.opCoCustomerId"
      ],
      "search_property": "op_co_customer_id"
    },
    "tmfmediator_command_add_msoccustomercac": {
      "convert_to_camel_case": true,
      "search_list": [
        "msocCustomerRequest.msocCustomerRequest.clientReference.marketplace_event_id"
      ],
      "search_property": "marketplace_event_id"
    },
    "tmfmediator_command_create_msoccustomer": {
      "convert_to_camel_case": true,
      "is_multiple": true,
      "search_list": [
        "msocCustomerRequest.msocAccount.opCoDetails.opCoCustomerId"
      ],
      "search_property": "op_co_customer_id"
    },
    "tmfmediator_command_create_snowcustomer": {
      "event_type": "SNOW_ONBOARDING_REQUEST",
      "is_multiple": true,
      "search_list": [
        "snow_onboarding.op_co_details.op_co_customer_id"
      ],
      "search_property": "op_co_customer_id"
    },
    "tmfmediator_command_set_accountserviceinfo": {
      "convert_to_camel_case": true
    },
    "tmfmediator_command_set_ssoconfig": {
      "convert_to_camel_case": true
    },
    "tmfmediator_command_delete_account": {
      "event_type": "DELETE_ACCOUNT_REQUESTED",
      "search_property": "op_co_customer_id"
    },
    "tmfmediator_command_add_unitylicense": {
      "event_type": "ADD_LICENSE_REQUESTED"
    },
    "tmfmediator_command_delete_unitylicense": {
      "event_type": "DELETE_LICENSE_REQUESTED"
    },
    "tmfmediator_command_change_unitylicense": {
      "event_type": "CHANGE_LICENSE_REQUESTED"
    },
    "idmapper_event_account_deleted": {
      "event_type": "ACCOUNT_DELETED_CONFIRMATION",
      "search_property": "op_co_customer_id"
    },
    "tmfmediator_command_update_accountstatus": {
      "search_list": [
        "account.marketplace_event_id"
      ],
      "search_property": "marketplaceEventID"
    },
    "tmfmediator_create_addnumbers": {
      "convert_to_camel_case": true,
      "is_multiple": true,
      "search_list": [
        "addNumbers.opCoDetails.opCoCustomerId"
      ],
      "search_property": "op_co_customer_id"
    },
    "tmfmediator_create_deletenumbers": {
      "convert_to_camel_case": true,
      "is_multiple": true
    },
    "tmfmediator_command_create_initialorder": {
      "search_list": [
        "order.primary_contact_details.email"
      ],
      "search_property": "email"
    },
    "tmfmediator_create_jiraticket": {
      "convert_to_camel_case": true,
      "is_multiple": true,
      "search_list": [
        "jiraTicketRequested.customFields.customfield_20900"
      ],
      "search_property": "service_order_id"
    },
    "tmfmediator_command_apply_cacconfiguration": {
      "convert_to_camel_case": true,
      "search_list": [
        "cacConfigurationRequest.clientReference.marketplace_event_id"
      ],
      "search_property": "marketplace_event_id"
    },
    "tmfmediator_create_msoc_addnumbers": {
      "convert_to_camel_case": true
    },
    "tmfmediator_command_create_tpmcustomer": {
      "convert_to_camel_case": true
    },
    "tmfmediator_command_send_tpmnotification": {
      "convert_to_camel_case": true
    },
    "tmfmediator_command_delete_snowcustomer": {
      "convert_to_camel_case": true,
      "search_property": "op_co_customer_id"
    },
    "tmfmediator_command_set_emergencyaddress": {
      "convert_to_camel_case": true
    },
    "tmfmediator_command_delete_all_numbers": {
      "event_type": "DELETE_ALL_NUMBERS_REQUESTED",
      "search_property": "op_co_customer_id"
    },
    "tmfmediator_update_serviceorder": {
      "convert_to_camel_case": true,
      "is_multiple": true,
      "search_list": [
        "serviceOrderUpdate.serviceOrderId"
      ],
      "search_property": "service_order_id"
    },
    "tmfmediator_command_set_policy_access": {
      "event_type": "SET_POLICY_ACCESS_REQUESTED"
    },
    "numbermanagement_command_delete_all_crf_numbers": {
      "event_type": "DELETE_ALL_NUMBERS_REQUESTED"
    },
    "crfgateway_event_all_crf_numbers_deleted": {
      "event_type": "ALL_NUMBERS_DELETED_CONFIRMATION"
    },
    "tmfmediator_command_set_extension": {
      "event_type": "SET_EXTENSION_REQUESTED",
      "convert_to_camel_case": true
    }
  }
}